RETAILER_NAME,TURNOVER
Act'N'Up Fitness,458105.94
ActiForme,111915.64
Allo Allo,358339.26
American Home,461280.08
Anapurna,467960.5
Arjan Aitta,2062101.3
Arnold's Clubs,154286.8
Beach Beds Pty Ltd.,886863.8
Beck's Sports Store,554589.64
Bellini,380050.66000000003
Beter Buitenleven,2355799.38
Blue Mountains Golfing Company,153139.48
Brambilla,169761.94
Browns Opticals,13940.0
Buena Vista Eyeware,15549.6
By A Thread,635654.58
Camping Equipment Online,192886.34
Camping Sauvage,1314561.8800000001
Campingspecialisten,1866075.96
Caravanserai,1628960.66
"Chen Yu Enterprise Co.,",346252.48
"China Multi-channel Sports Co., LTD.",56769.54
Chuei Hyakkaten,64030.119999999995
Connor Department Store,256599.76
Consumer Club,816800.26
Cordages Discount,388644.24
Der Fitness-Doktor,476462.10000000003
Die Fitness-Experten,154689.34
Die Zeltstadt,1237483.52
Donovan's Sports,592412.24
Edward's Department Store,206934.12
Esportes Grumari,2265036.14
Extra Sport,457167.0
Extrem!,1614678.42
Extreme Outdoors,2145396.56
Eye Dimensions,22718.72
Falcon Outfitters,4347883.14
Fu Chin Sport Equipment Co.,326555.83999999997
Get Out,244970.96000000002
Golf Masters,246014.58000000002
Golf Shop Jiro,72996.06
Golf's'us,159314.8
Golfer-Paradies,248543.66
Grand choix,1573168.36
Hai Wan Shin Sport Equipment Co.,779993.74
Hanagata Golf Shop,539918.6
"Hangzhou Superman Sports Goods Co., LTD.",800423.4
Hansung Golf,718848.0
Hartman's,323415.42
Hinode Megane,40958.56
Holland Zonzoekers,309355.58
Holstein Golf,471071.02
Hurst Ironmongers,485944.32
In die Berge!,2362099.84
Jack and Jill Climbing School & Supplies,78442.66
Japan Sports Youhinten,400976.84
Jensen Mountaineering,1726195.8
Kanga Kampers,1907156.8800000001
Kanjosen Sport,702701.24
Kitanaka Tozanyouhinten,15247.44
La bonne Forme,739400.06
"Lan King Sports Co., LTD.",267536.96
Le Golfeur,120367.84
Leisure Land,413603.86
"MER-KA-DOS, S.A. de C.V.",369580.76
Maximum Sports,995689.86
Mega-Outlet,95322.84
Mountain Madness,266905.04
NIPPON Sofcon Net,111149.44
Naranco de Bulnes,1315297.6
NonSoloNeve,1354085.5
Ocio y Aventura,383597.5
Optique et Lentilles,11038.16
Outdoor Experience,1146537.68
Outdoor Gear Co-op,667555.4400000001
Paradiso della Tenda,1629718.18
Parkland Camping Rentals,86822.68000000001
Pumped!,87074.9
Rock Steady,539200.6
Romford Tools Ltd,312819.68
Second Wind Sports,1017235.98
Sport & Freizeit,666647.64
Sport Jonas,802666.58
SportsClub,314025.58
Sportworld,642173.8200000001
Sunglass Corner,36617.92
T & R Sport,307449.48
Taeho Sports,339125.16000000003
Tamarack Outfitter Rentals,17169.82
The Caddy's Corner,150836.06
The Golf Hut,302003.2
The Marketplace,195836.64
"Todo para el Golf, S.A. de C.V.",85386.4
Topforma,332190.84
Ultra Sports,2544917.66
Up The Creek,66743.68
VIP Department Stores,1538698.02
Weitblick,25558.98
Weston Outfitters,1187467.62
